Producto,Imagen
"TP-Link Tapo 1080P Indoor Security Camera for Baby Monitor, Dog Camera w/ Motion Detection, 2-Way Audio Siren, Night Vision, Cloud &amp; SD Card Storage, Works w/ Alexa &amp; Google Home (Tapo C100) (Color: white)",./Guatemala Digital - guatemaladigital.com_files/61gJcez9unL.jpeg
"Kasa Smart 2023 New Indoor Pan-Tilt Security Camera, 1080p HD Dog Camera w/Night Vision, Motion Detection for Baby &amp; Pet Monitor, Cloud &amp; SD Card Storage, Works w/Alexa &amp; Google Home, 2.4G WiFi (EC71) (Color: Black)",./Guatemala Digital - guatemaladigital.com_files/61GrnhJtS7L.jpeg
"Security Camera Outdoor, ?Dual Lens? 2K 6MP WiFi Cameras Full Color Night Vision Over 30 Feet for 2.4G WiFi Home Security with Auto Tracking, Human Detection, 2-Way Audio, IP66, Compatible with Alexa(Tamaño: A9Q-1PC)",./Guatemala Digital - guatemaladigital.com_files/71OQfBpuL6L.jpeg
"TP-Link Tapo 2K Pan/Tilt Security Camera for Baby Monitor, Dog Camera w/Motion Detection, 2-Way Audio, Siren, Night Vision, Cloud &amp; SD Card Storage, Works with Alexa &amp; Google Home, 2-Pack (C210P2)",./Guatemala Digital - guatemaladigital.com_files/61qRnATTTJL.jpeg
"Tapo 1080P Outdoor Wired Pan/Tilt Security Wi-Fi Camera, 360° View, Motion Tracking, Works with Alexa &amp; Google Home, Night Vision, Free AI Detection, Cloud &amp; SD Card Storage(up to 512GB), Tapo C500…",./Guatemala Digital - guatemaladigital.com_files/619huP8pU6L.jpeg
"eufy Security SoloCam S340, Solar Security Cameras Wireless Outdoor, Cameras for Home Security, 360° Pan &amp; Tilt Surveillance, No Blind Spots, 2.4 GHz Wi-Fi, No Monthly Fee, HomeBase S380 Compatible",./Guatemala Digital - guatemaladigital.com_files/61QJwdOcJqL.jpeg
UNGUENTO MAMIISSAN (USOVETERINARIO) HECHO EN MÉXICO 200G,./Guatemala Digital - guatemaladigital.com_files/519lN5Pco2L.jpeg
"Volufiline 10ml  Cosmetic Ingredient - 100% Volufiline Ampoule 10ml(0.34 fl. oz) France SEDERMA | Cosmetic Grade | For face and body Improve Skin Elasticity, Wrinkle Improvement (Tamaño: 0.34 Fl Oz (Pack of 1))",./Guatemala Digital - guatemaladigital.com_files/61AWh954M8L.jpeg
"Global Beauty Care Smooth &amp; Lift Collagen Facial Serum with Peptides, Hyaluronic Acid &amp; Squalane 1fl oz 30ml",./Guatemala Digital - guatemaladigital.com_files/Img28416343.jpeg
"COSRX Snail Mucin 96% Power Repairing Essence 3.38 fl.oz 100ml, Hydrating Serum for Face with Snail Secretion Filtrate for Dull Skin &amp; Fine Lines, Korean Skin Care",./Guatemala Digital - guatemaladigital.com_files/61p-wtpDraL.jpeg
"The Ordinary Niacinamide 10% + Zinc 1%, Smoothing Serum for Blemish-Prone Skin",./Guatemala Digital - guatemaladigital.com_files/61QBAJHZNhL.jpeg
"ANUA Niacinamide 10 + TXA 4 Serum, Hyaluronic Acid, Tranexamic acid, Vitamin B12, Facial Serum for Glass Skin, Clarifying, Radiant Complexion with Natural Color, Korean Skin Care (30ml /1.01 fl.oz)",./Guatemala Digital - guatemaladigital.com_files/61EpVSwr1sL.jpeg
"Micsoa Multimeter Test Leads Banana Plug, Digital Multimeter Probes Electrical Test Probe 20A 1000V",./Guatemala Digital - guatemaladigital.com_files/51NtJxenbtL.jpeg
CrocSee AC 80-260V 100A CRS-022B LCD Display Digital Current Voltage Power Energy Frequency Power Factor Multimeter Ammeter Voltmeter with 100A Split Core Current Transformer,./Guatemala Digital - guatemaladigital.com_files/71DNs-GUTjL.jpeg
Binval Digital Multimeter 2 in 1 USB C Tester LCD Color Display Voltage Current Watt Meter Automatic Detection and Identification of Charging Protocols Covering Display: DC3.6-32V/0-5.1A,./Guatemala Digital - guatemaladigital.com_files/61M63hnhSML.jpeg
"Klein Tools 69149P Electrical Test Kit with Digital Multimeter, Non-Contact Voltage Tester and Electrical Outlet Tester, Leads and Batteries",./Guatemala Digital - guatemaladigital.com_files/51r13Cms0gL.jpeg
"Klein Tools MM325 Multimeter, Digital Manual-Ranging 600V AC/DC Voltage Tester, Tests Batteries, Current, Resistance, Diodes, and Continuity",./Guatemala Digital - guatemaladigital.com_files/51N1gnauSaL.jpeg
"TM-510 Digital Multimeter, 4000 Counts, Smart Measurement, Auto-Ranging Voltmeter; Voltage Tester with Non-Contact Voltage Function, Measures AC/DC Voltage, Resistance, Continuity – Green",./Guatemala Digital - guatemaladigital.com_files/61G+iWI0fJL.jpeg
"SKCMOX Replacement Belt Clip Hook for Milwaukee Work with M18 Tool Impact Driver Hammer Drill Replace for 2604-20, 2604-22, 2604-22CT, 2797-22 (2Packs)",./Guatemala Digital - guatemaladigital.com_files/416nU3qwN8L.jpeg
BC660 SKC181-02 BC1880 Charger For Bosch 18V 14.4V Li-ion Battery 1018K BAT609 BAT609G BAT618 BAT618G BAT614 2607336236 Electrical Drill (Color: Black),./Guatemala Digital - guatemaladigital.com_files/5171K7JBZgL.jpeg
"Compatible with DeWalt 20V Battery Cover 2Pack 3A 4A 5A Battery Case Replacement Repair DIY Kit Plastic Parts Cover for DCB200, DCB201, DCB203, DCB204, DCB205 Battery 10-Cell 18650",./Guatemala Digital - guatemaladigital.com_files/61GwQBp1O9L.jpeg
DEWALT 20V MAX 5 Ah Lithium Ion Battery (DCB205),./Guatemala Digital - guatemaladigital.com_files/51nYLvixYnL.jpeg
Milwaukee 48-11-1865 M18 REDLITHIUM HIGH OUTPUT XC 6 Ah Lithium-Ion Battery,./Guatemala Digital - guatemaladigital.com_files/81dYd+QWGeL.jpeg
"DEWALT 20V MAX Battery with LED Charge Indicator, 3 Amp Hour, 4 Pack (DCB200-4)",./Guatemala Digital - guatemaladigital.com_files/71pLTJEMM6L.jpeg
"Remington HC4250 Shortcut Pro Self-Haircut Kit, Hair Clippers, Hair Trimmers, Clippers, (13 pieces)",./Guatemala Digital - guatemaladigital.com_files/71+IoTEdQ2L.jpeg
"Remington DT7432 Wet or Dry Tame The Mane Electric Detangling Brush with Brush Cover, Adults &amp; Kids, (Batteries Included)",./Guatemala Digital - guatemaladigital.com_files/61f2yWce+lL.jpeg
Redken Quick Tease 15 Backcombing Finishing Spray | For All Hair Types| Enhances Texture &amp; Volume | Maximum Control | 5.3 Oz (Tamaño: 5.3 Ounce),./Guatemala Digital - guatemaladigital.com_files/31HuPM2H0kL.jpeg
"Nizoral Anti-Dandruff Shampoo with 1% Ketoconazole, Fresh Scent, 7 Fl Oz",./Guatemala Digital - guatemaladigital.com_files/71+CaUj9EtL.jpeg
"Mielle Organics Rosemary Mint Scalp &amp; Hair Strengthening Oil for All Hair Types, 2 Ounce",./Guatemala Digital - guatemaladigital.com_files/61jFzP2JQIL.jpeg
L3 Level 3 Styling Powder - Natural Look Mens Powder - Easy to Apply with No Oil or Greasy Residue,./Guatemala Digital - guatemaladigital.com_files/613TfOjyprL.jpeg
"fantaseal Ergonomic Camera Grip Camcorder Mount DSLR Camera Handheld Stabilizer Handle Support Bracket Hand Video Light Flashlight Handle SelfieStick Compatible with Nikon Canon Sony DSLR etc (Color: Camera Grip, Tamaño: Improved Pistol Style Grip)",./Guatemala Digital - guatemaladigital.com_files/41u2KFQPeDL.jpeg
"Foto&amp;Tech 3 Pieces Camera Lens Cap Holder For Canon, Nikon, Sony, Pentax, Sigma Dslr/Slr/Evil Cameras (Color: 3 PCS)",./Guatemala Digital - guatemaladigital.com_files/31H2y7tq75L.jpeg
"Standard 3/8""-16 Female to 1/4""-20 Male Tripod Thread Reducer Screw Adapter (Brass) Precision Made (2 Pack) (Color: brass)",./Guatemala Digital - guatemaladigital.com_files/51Dp17cjLLL.jpeg
"Celestron - NexStar 8SE Telescope - Computerized Telescope for Beginners and Advanced Users - Fully-Automated GoTo Mount - SkyAlign Technology - 40,000+ Celestial Objects - 8-Inch Primary Mirror",./Guatemala Digital - guatemaladigital.com_files/51J8qwQGSgL.jpeg
"Tiffen 43MM UV Protector Filter, Multi coating , 1 Count ( Pack of 1)",./Guatemala Digital - guatemaladigital.com_files/5139HN9VicL.jpeg
"Celestron - NexStar 5SE Telescope - Computerized Telescope for Beginners and Advanced Users - Fully-Automated GoTo Mount - SkyAlign Technology - 40,000+ Celestial Objects - 5-Inch Primary Mirror",./Guatemala Digital - guatemaladigital.com_files/51wEzqhMY-L.jpeg
"Corsair SSD Mounting Bracket Kit 2.5"" to 3.5"" drive bay(CSSD-BRKT1)",./Guatemala Digital - guatemaladigital.com_files/31CHHifz69L.jpeg
"ORICO USB 3.0 to SATA Hard Drive Docking Station Tool Free Supports 8TB for 2.5 or 3.5 Inch HDD SSD with 3.3Ft USB Cable - Black (Color: One Bay, Tamaño: One Bay)",./Guatemala Digital - guatemaladigital.com_files/31SULQY8BNL.jpeg
NFHK SATA 22pin HDD HD Hard Disk Drive Caddy Case for 9.5mm Universal Laptop CD/DVD-ROM Optical Bay (Color: Black CD-ROM to SATA),./Guatemala Digital - guatemaladigital.com_files/51tEZBiJZOS.jpeg
SABRENT Upgraded Version Support UASP Ultra Slim USB 3.0 to 2.5-Inch SATA External Aluminum Hard Drive Enclosure Black (EC-UK30),./Guatemala Digital - guatemaladigital.com_files/71CAN-OoWdL.jpeg
WEme USB 3.0 to SATA/IDE Adapter with Universal 2.5/3.5 Hard Drive Disk Converter for HDD/SSD &amp; IDE HDD Support 6TB and One-Touch Backup Include 12V 2A Power Adapter + USB 3.0 Cable for Laptop,./Guatemala Digital - guatemaladigital.com_files/61YKMls8kLL.jpeg
ICY DOCK 6 Bay 2.5” SATA HDD / SSD Hot Swap Tool-Less Backplane Enclosure with Dual Cooling Fan for 5.25” Bay | ExpressCage MB326SP-B,./Guatemala Digital - guatemaladigital.com_files/61RRLfdqzeL.jpeg
"CloudValley Webcam Cover Slide, 0.023 Inch White, Web Camera Cover for MacBook Pro, MacBook air, Laptop, iMac, Desktop, PC, iPad, iPhone 8/7/6 Plus, Privacy Protection, Ultra-Thin2 Packs (Color: 2 Pcs White)",./Guatemala Digital - guatemaladigital.com_files/61jqtZKTbEL.jpeg
"Dericam 1080P Full HD Live Streaming Webcam, USB Desktop and Laptop Webcam, Mini Plug and Play Video Calling Computer Camera, Built-in Mic, Flexible Rotatable Clip, W2, US, Black (Color: 1080P)",./Guatemala Digital - guatemaladigital.com_files/41Ai5axWHNL.jpeg
"Argmao 1080P HD Webcam with Microphone for Desktop, USB Computer Camera with Web Cam Cover&amp;Web Camera Stand, 110-degree Wide Angle Streaming Webcam for PC Zoom/Video Calling/Gaming/Laptop/Conferencing",./Guatemala Digital - guatemaladigital.com_files/31yuknVCO8L.jpeg
"Logitech Brio 101 Full HD 1080p Webcam Made for Meetings and Works for Streaming — Auto-Light Balance, Built-in Mic, Privacy Shutter, USB-A, for Microsoft Teams, Google Meet, Zoom, and More - Black",./Guatemala Digital - guatemaladigital.com_files/71A0Pp767BL.jpeg
"NexiGo N60 1080P Webcam with Microphone, Adjustable FOV, Zoom, Software Control &amp; Privacy Cover, USB HD Computer Web Camera, Plug and Play, for Zoom/Skype/Teams, Conferencing and Video Calling",./Guatemala Digital - guatemaladigital.com_files/51EPhWPDRhL.jpeg
"EMEET 1080P Webcam with Microphone, C960 Web Camera, 2 Mics Streaming Webcam, 90°FOV Computer Camera, Plug and Play USB Webcam for Online Calling/Conferencing, Zoom/Skype/Facetime/YouTube, Laptop/PC",./Guatemala Digital - guatemaladigital.com_files/61-K2lXmHQL.jpeg
DJI OSMO Mobile 3 Part 1 - Grip Tripod,./Guatemala Digital - guatemaladigital.com_files/41hU-GpDyjL.jpeg
"EDIONS for DJI Mavic Mini Drone Handheld Gimbal Stabilizer Bracket,Mini Drone Anti-Vibration Camera Ground Photography Stabilizer Gimbal Stabilizer Modification (Color: Black, Tamaño: free size)",./Guatemala Digital - guatemaladigital.com_files/41jEJuuZN5L.jpeg
Anwenk Camera Flash Speedlite Mount Swivel Light Stand Bracket with Umbrella Reflector Holder for Camera DSLR Nikon Canon Pentax Olympus and other DSLR Flashes Studio Light LED Light,./Guatemala Digital - guatemaladigital.com_files/71-xt5RkODL.jpeg
"DJI RS 3 Mini, 3-Axis Gimbal Stabilizer for Cameras Canon/Sony/Panasonic/Nikon/Fujifilm, 2 kg (4.4 lbs) Tested Payload, Bluetooth Shutter Control, Camera Gimbal with Native Vertical Shooting",./Guatemala Digital - guatemaladigital.com_files/51owwMmtiBL.jpeg
"DJI RS 4 Mini Combo, Gimbal Stabilizer for Camera Canon/Sony/Panasonic/Nikon/Fujifilm, Auto Axis Locks, Intelligent Tracking, 2kg/4.4lbs Payload, Camera Gimbal, Briefcase Handle",./Guatemala Digital - guatemaladigital.com_files/61gLx01XtlL.jpeg
"SmallRig Adjustable Sling Handgrip Gimbal Sling Handle for DJI RS 4 Mini, RS 4, RS 4 Pro, RS 3 Mini, RS 3, RS 3 Pro, RS 2, RSC 2 Stabilizer, 13.2lb Load, Ergonomic Grip for Low Angle Shots",./Guatemala Digital - guatemaladigital.com_files/619wFBCEwRL.jpeg
"Interstellar Baby Makeup Brushes Set - 5Pcs Creative Stitch Theme Cosmetic Brushes Set, Premium Synthetic Foundation Eyeshades Brush Set Best Gift for Young Girl Women (Color: Pink, Tamaño: Longest 17CM)",./Guatemala Digital - guatemaladigital.com_files/41Qu2v6BBQL.jpeg
Eyeliner Brush Small Angled Winged - Firm Flat Liquid Gel Eye Liner Brush Angle Brushes Set Pencil Fine Point Thin Bristle Detailed Precision Makeup Perfect Controlled Brocha De Cejas,./Guatemala Digital - guatemaladigital.com_files/41jlxH+wXQL.jpeg
"Makeup Brushes 22 Pcs Makeup Kit,Foundation Brush Eyeshadow Brush Make up Brushes Set (Green, Regular) (Color: Green, Tamaño: 22 Piece Set)",./Guatemala Digital - guatemaladigital.com_files/715dYkCDMRL.jpeg
Real Perfection Makeup Brush Set 16 Pcs with 1 Eyebrow Razor Premium Synthetic Foundation Powder Concealers Eyeshadow Blush Makeup Brushes Make up Brushes Kit (Pink),./Guatemala Digital - guatemaladigital.com_files/71lskolSQPL.jpeg
BS-MALL Makeup Brushes Premium Synthetic Foundation Powder Concealers Eye Shadows 14 Pcs Purple,./Guatemala Digital - guatemaladigital.com_files/71mWiSb+-TL.jpeg
"TEOYALL Foundation Contour Conceal Brush Set, 3PCS Angled Synthetic Kabuki Brush for Blending Setting Buffing with Liquid, Cream and Powder Cosmetic (170S/270S/370S)",./Guatemala Digital - guatemaladigital.com_files/61Q8AwiQE7L.jpeg
Kastar 1x Battery + Charger for Sony NP-BN1 &amp; Cyber-Shot DSC-QX10 DSC-QX30 DSC-QX100 DSC-TF1 DSC-TX10 DSC-TX20 DSC-TX30 DSC-W530 DSC-W570 DSC-W650 DSC-W800 DSC-W830 DSC-W560 DSC-T99 DSC-TX5 DSC-W320 (Tamaño: 1 battery + 1 charger),./Guatemala Digital - guatemaladigital.com_files/71+usP4CLjL.jpeg
"Kastar IA-BH130LB AC Wall Battery Charger Replacement for Samsung SMX-C100, SMX-C200, SMX-K40 SMX-K40BP SMX-K40EDC SMX-K40LN SMXC13GP SMXC13LN SMXC13, SMX-K44 SMX-K44BP SMX-K44BN Camera(Tamaño: 1 Charger)",./Guatemala Digital - guatemaladigital.com_files/614kG71LDML.jpeg
"ENEGON NP-FZ100 LED USB Charger for Sony NP-FZ100 Battery, Fully Compatible with Sony Alpha 9/Alpha 9R/Alpha 9S, Sony A9/A9R Sony A73/A7R3, Sony A7III/A7RIII/A7RIV/A7C, Sony A6600.",./Guatemala Digital - guatemaladigital.com_files/71Pw1cf+imL.jpeg
Artman Battery 1500mAh (3-Pack) for GoPro Hero 8/7/6/5 Black and 3-Channel LED USB Storage Charger Fully Compatible with GoPro Hero 8 Battery and Charger,./Guatemala Digital - guatemaladigital.com_files/619jGf3rLGL.jpeg
"Kastar Battery X2 + Slim USB Charger for Sony NP-BG1 NP-FG1 Battery Sony Cybershot DSC-HX5V, DSC-HX9V, DSC-W30, DSC-W35, DSC-W50, DSC-W55, DSC-W70, DSC-W80, DSC-W290, DSC-H10, H20, H50, H55, H70, H90",./Guatemala Digital - guatemaladigital.com_files/71xWdanMg6L.jpeg
Kastar Battery (X2) &amp; LCD Slim USB Charger for Sony NP-BG1 NPBG1 NP-FG1 NPFG1 and Cyber-Shot DSC-W120 W150 W220 DSC-H3 H7 H9 H10 H20 H50 H55 H70 DSC-HX5V DSC-HX7V DSC-HX9V DSC-HX10V DSC-HX30V,./Guatemala Digital - guatemaladigital.com_files/71nad9K6JiL.jpeg
"USB Type C Charger Cable 3-Pack(1.5/3.3/6.6FT),Nylon Charging Cord for Samsung Galaxy Fold Note 9 8 S10 S9 S8 S10E 10 10E Plus S20 Ultra S20 20 20,LG V50 V40 G8 G7 G9 Thinq,Google Pixel 4 3 3a 4a XL",./Guatemala Digital - guatemaladigital.com_files/51rwqicvTBL.jpeg
"COOYA for Huawei Supercharge Cable 2Pack-3.3FT, 5A Super Charging USB Type C Cable, Fast Charge USB C Super Charger Cable for Huawei Mate 10 Pro/Mate 20 Pro/Mate RS/Mate X, Huawei P20 Pro/ P10 Plus (Color: White-3.3FT-2Pack, Tamaño: White-3.3FT-2Pack)",./Guatemala Digital - guatemaladigital.com_files/41XyBq9IV-L.jpeg
"USB Type C Cable Fast Charging Cable Aioneus 6FT 3Pack Charger Cable Nylon Braided Charging Cord Compatible Samsung A20e A10e A50 A70 A40 A20 S8 S9 S10 Note 9 8, Moto G6 G7 Z3, Z4, LG, Huawei, Sony (Color: blue+green+orange, Tamaño: 6FT 3Pack)",./Guatemala Digital - guatemaladigital.com_files/51MAyDKv+PL.jpeg
"Micro USB Charger Cable, 15 Ft Durable Extra Long USB 2.0 Charge Cord Compatible for Android/Windows/Smartphones/Samsung/HTC/Motorola/Nokia/LG/Tablet and More(Blue)",./Guatemala Digital - guatemaladigital.com_files/71aPUsom6ML.jpeg
"JETech USB Sync and Charging Cable Compatible iPhone 4/4s, iPhone 3G/3GS, iPad 1/2/3, iPod, 3.3 Feet, 2-Pack",./Guatemala Digital - guatemaladigital.com_files/5108UPpkeoL.jpeg
"SAMSUNG EP-DG930MBEGWW Original USB Type-C Data Cable, Pack of 2, Black",./Guatemala Digital - guatemaladigital.com_files/51vQKmSJOCL.jpeg
"Serum / Good Molecules Daily Brightening Serum 1 Fl. Oz! Formulated With Beta Arbutin And Hyaluronic Acid! Gently Brighten Skin Tone For Healthy &amp; Youthful Glow! Vegan And Cruelty Free!, 1 Fl Oz (Pack of 1)",./Guatemala Digital - guatemaladigital.com_files/Img20897762.jpeg
Crema hidratante Concentré Total 10 Concentrado F,./Guatemala Digital - guatemaladigital.com_files/Img28665840.jpeg
Nocturne Antiedad Concentrado Facial con Ácido Hialurónico,./Guatemala Digital - guatemaladigital.com_files/Img28675100.jpeg
"Mighty Patch™ Original patch from Hero Cosmetics - Hydrocolloid Acne Pimple Patch for Covering Zits and Blemishes in Face and Skin, Vegan-friendly and Not Tested on Animals (36 Count)",./Guatemala Digital - guatemaladigital.com_files/41JILztxbDL.jpeg
"Clean Skin Club Clean Towels XL™, 100% USDA Biobased Face Towel, Disposable Face Towelette, Eczema Association Accepted, Makeup Remover Dry Wipes, Ultra Soft, 50 Ct, 1 Pack",./Guatemala Digital - guatemaladigital.com_files/61581VJZ9EL.jpeg
"Neutrogena Makeup Remover Wipes, Daily Facial Cleanser Towelettes, Gently Cleanse and Remove Oil &amp; Makeup, Alcohol-Free Makeup Wipes, 2 x 25 ct",./Guatemala Digital - guatemaladigital.com_files/718tZy6VWQL.jpeg
"GuanTing Universal AC Adapter 9V 2A Power Supply AC110V to DC9V Power Driver with 8 DC Plug Tips Converter Inverter Charger Transformer AC-DC Adapter (DC9V-2A) (Color: 2A, Tamaño: DC9V)",./Guatemala Digital - guatemaladigital.com_files/61MbB6O623L.jpeg
"12V 1A/1000mA 10ft Long Power Supply Adapter, 12W Adaptor AC to DC Adapter Cord with 3 Tips for LED Strip Lights, Keyboard, BT Speaker, Router, Monitor,Webcam, DVR, NVR, CCTV Camera, UL Listed (Color: 1A+3C, Tamaño: 1 Pack+3C)",./Guatemala Digital - guatemaladigital.com_files/415EAajrlBL.jpeg
LitStar 19V Charger Compatible for Harman Kardon HK Onyx Studio 1 2 3 4 5 Wireless Portable Bluetooth Speaker NSA40ED-190200 APIONYXST3 ONYXSTUDIO3R HKONYXSTUDIO3BLKUS Power Supply Adapter 6ft Cord,./Guatemala Digital - guatemaladigital.com_files/41H-yoGSpFL.jpeg
"Ac Dc Adapter for Brother P-Touch PT-D210 PTD 210 PTD220 PT-D200VP PTH110 Label Maker, UL Listed Power Supply Charger for Brother AD-24 AD-24ES AD-20 AD-30 (8.2 Ft Long Cord)",./Guatemala Digital - guatemaladigital.com_files/61LqFvVEVAL.jpeg
5V 2A 10W DC Power Supply Adapter AC/DC Wall Plug Charger AC 100V-240V to DC 5 Volt 2Amp 1A 1.5A Replacement Power Cord USB Type C for Security Camera Baby Monitor Scanner TV Box Raspberry,./Guatemala Digital - guatemaladigital.com_files/513NE-i8zvL.jpeg
"24V 1A AC Adapter Power Supply 100-240V AC to DC 24Volts 1A 24W Converter Transformer Switching Power Supply with 5.5mmx2.5mm Plug for LED Strip Light CCTV Camera DC Pump, Black",./Guatemala Digital - guatemaladigital.com_files/61f85TLxbDL.jpeg
"UltraTac Keychain Pocket Clip, Multi-Purpose Pocket Suspension Clip and Key Ring Holder for EDC - Stainless Steel (2 Pack) (Color: 2 Pack)",./Guatemala Digital - guatemaladigital.com_files/41LPBdUTtIL.jpeg
"kingforest 100PCS Keychain Rings with Chain and 100PCS Jump Rings with Screw Eye Pins,1 inch/25mm Ring. (Tamaño: 100PCS with Screw Eye Pins)",./Guatemala Digital - guatemaladigital.com_files/51CHBO23BiL.jpeg
"12 Pcs 1 Ounce Needle Tip Glue Bottle 30ml Plastic Dropper Bottles for Small Gluing Projects, Paper Quilling DIY Craft, Acrylic Painting, White Lid (Color: White, Tamaño: 1 Ounce)",./Guatemala Digital - guatemaladigital.com_files/515iiqcY6pL.jpeg
HP Printer Paper | 8.5 x 11 Paper | Copy &amp;Print 20 lb | 1 Ream Case - 500 Sheets| 92 Bright | Made in USA - FSC Certified | 200060,./Guatemala Digital - guatemaladigital.com_files/711pl0ZM3HL.jpeg
"Amazon Basics Multipurpose Copy Printer Paper, 8.5"" x 11"", 20 lb, 8 Reams, 4000 Sheets, 92 Bright, White",./Guatemala Digital - guatemaladigital.com_files/71yKhJpWLnS.jpeg
"HP 67 Black / Tri-color Ink Cartridges (2 Pack) | Works with HP DeskJet 1255, 2700, 4100 Series, HP ENVY 6000, 6400 Series | Eligible for Instant Ink | 3YP29AN",./Guatemala Digital - guatemaladigital.com_files/51eBahpKdaL.jpeg
"LUNK Hanma Yujiro Action Figure Statue - 7.1 Inch Anime Fighting Posture Movable Joints Character Model with Accessories(Color: Hanma Yujiro, Tamaño: 7.1 Inch)",./Guatemala Digital - guatemaladigital.com_files/61LTn8zH0WL.jpeg
Funko Pop! Albums: Megadeth - Peace Sells. But Who's Buying?,./Guatemala Digital - guatemaladigital.com_files/71g0choKM3L.jpeg
"Mighty Morphin Power Rangers 6.5-Inch White Ranger Legacy Figure (Color: White Ranger, Tamaño: 6.5"")",./Guatemala Digital - guatemaladigital.com_files/41tZ5LT1ahL.jpeg
"Paw Patrol: Jungle Pups Action Figures Gift Pack, with 8 Collectible Toy Figures, Kids Toys for Boys and Girls Ages 3 and Up",./Guatemala Digital - guatemaladigital.com_files/71AA5rmSQCL.jpeg
"Disney Store Official Sheriff Woody Talking Action Figure from Toy Story, Features Sounds and Phrases from The Movies, Interacts with Other Figures and Toys",./Guatemala Digital - guatemaladigital.com_files/71IES0XmT1L.jpeg
"Transformers Age of The Primes Deluxe Class Combaticon Vortex, 5.5-inch Converting Action Figure, Robot Toys for Ages 8+",./Guatemala Digital - guatemaladigital.com_files/71TrKSkKh6L.jpeg
"2022 Bluetooth 5.3 FM Transmitter for Car, JOYROOM Stronger Dual Mics &amp; HiFi Deep Bass Sound , 48W PD&amp;QC3.0 Bluetooth Car Adapter, Hands-Free Calling, Larger LED, AUX Output &amp; U Disk (Color: BLACK, Tamaño: Small)",./Guatemala Digital - guatemaladigital.com_files/51w6sQf1KtL.jpeg
Syncwire Bluetooth 5.3 FM Transmitter Car Adapter 48W (PD 36W &amp; 12W) Light Switch HiFi Bass Sound Fast Charging Wireless Radio Music Adapter LED Display Hands-Free Calling Support USB Drive (Tamaño: Small),./Guatemala Digital - guatemaladigital.com_files/41A6qyDIimL.jpeg
"JOYROOM Bluetooth 5.3 FM Transmitter Car Adapter, Stronger Dual Mics &amp; HiFi Deep Bass Sound, 48W PD&amp;QC3.0 USB C Car Charger Cigarette Lighter Adapter, Hands-Free Calling Radio Stereo Receiver (Color: Black Bluetooth FM Transmitter Car, Tamaño: Small)",./Guatemala Digital - guatemaladigital.com_files/71O9OskkgyL.jpeg
"LIHAN USB C Bluetooth Adapter for Car, AUX Wireless FM Radio Transmitter, Handsfree Calling &amp; Audio Receiver, MP3 Music Player, QC3.0 &amp; Type-C PD USB Charger,7 Colors LED Backlit",./Guatemala Digital - guatemaladigital.com_files/61E+OL9xOEL.jpeg
"Nulaxy 54W Bluetooth 5.3 Car Adapter with 4 Charging Ports PD 36W &amp; QC3.0 18W, Wireless Radio FM Transmitter with Deep Bass Player &amp; 5 Colors LED Backlit, Hands-Free Calling, Black",./Guatemala Digital - guatemaladigital.com_files/71YfPJzfnxL.jpeg
"Car Bluetooth Adapter, Wireless FM Transmitter, USB C&amp;QC3.0 Dual Fast Charging, Cigarette Lighter Radio Music, Supports Hands-Free Siri Google Assistant &amp; USB Drive, HiFi Bass Sound",./Guatemala Digital - guatemaladigital.com_files/61ERZJVTUpL.jpeg
"Kids Camera Toys for Girls Ages 3-12,1080P HD Digital Video Camcorder Camera for Kids,Christmas Birthday for Toddlers - 32GB SD Card Included(Color: Red)",./Guatemala Digital - guatemaladigital.com_files/71WPQM9Q-yL.jpeg
"256 Pockets Photo Album for Fujifilm Instax Mini 11 90 70 9 8+ 8 LiPlay Instant Camera, Polaroid Snap SnapTouch PIC-300 Z2300 Instant Camera, Kodak Smile Printomatic Instant Print Camera (Green) (Color: Green)",./Guatemala Digital - guatemaladigital.com_files/41R3htUzMcS.jpeg
"256 Pockets Photo Album for Fujifilm Instax Mini 11 90 70 9 8+ 8 LiPlay Instant Camera, Polaroid Snap SnapTouch PIC-300 Z2300 Instant Camera, Kodak Smile Printomatic Instant Print Camera (Purple) (Color: Purple)",./Guatemala Digital - guatemaladigital.com_files/41s79K7WghL.jpeg
Fujifilm Instax Mini 12 Instant Film Camera - Pastel Blue,./Guatemala Digital - guatemaladigital.com_files/617RAQg+mDL.jpeg
"Fujifilm Instax Mini 12 Instant Camera Lilac Purple + Fuji Film Value Pack (40 Sheets) + Shutter Accessories Bundle, Incl. Compatible Carrying Case, Quicksand Beads Photo Album 64 Pockets",./Guatemala Digital - guatemaladigital.com_files/71bnhhGxWDL.jpeg
Fujifilm Instax Mini 11 Instant Camera - Charcoal Grey,./Guatemala Digital - guatemaladigital.com_files/61UZavYE9TL.jpeg
"USB to USB C Adapter 2PCS,HOWJIM 5Gbps USB C Female to USB3.0 Male Adapter OTG Converter,Fast Charging/Transfer,Type C to USB Adapter for M-acBook,i-Pad,i-Phone15 16,G-alaxy,A-ppleWatch,A-irpods Black(Color: Black)",./Guatemala Digital - guatemaladigital.com_files/61TSXlYLxHL.jpeg
"USB C Male to Dual USB Female Adapter, USB C to Double USB Splitter, Type C to Two Type A 2.0 OTG Adapter, Multiple Hub for Laptop,Tablet,Telephone,Flash Disk Drive, Gaming Consoles",./Guatemala Digital - guatemaladigital.com_files/61cSqqdR43L.jpeg
"USB C to USB 3.0 Adapter 3 Pack,Benfei USB C to A Male to Female Adapter, Compatible with MacBook 2018 2017 2016, Samsung Galaxy Note 8, Galaxy S8 S8+ S9, Google Pixel, Nexus, and More",./Guatemala Digital - guatemaladigital.com_files/314gDSkns7L.jpeg
"USB to USB C Adapter,Type-C Female to USB-A Male Adapter Compatible with Apple MagSafe Watch 10/9/8/7/SE/Ultra,Car,iPhone 16 15 14 13 12 Mini Pro Max,iPad,Galaxy,Pixel 7 6 5,CarPlay,Wall Plug",./Guatemala Digital - guatemaladigital.com_files/61YBQWRYdvL.jpeg
"Basesailor iPhone 16 16e 15 Pro Max Car Charger Adapter 3Pack,USB to USB C Converter Type-C Female to A Male for New iPhone 14 Plus,Apple Watch 10,Airpods 4,iPad 11 Mini 7 Air 6,Samsung Galaxy S25 A54",./Guatemala Digital - guatemaladigital.com_files/61ZaGXGipcL.jpeg
"USB to USB C Adapter 5 Pack,USB C Female to A Male Charger Converter Compatible with Apple Watch Ultra iWatch,iPhone 16/15/ Pro Max Plus,iPad,Samsung Galaxy S23,Car, Laptop,Charger, Quest Link, etc.",./Guatemala Digital - guatemaladigital.com_files/71d1mbniHbL.jpeg
Wall Charger for Nintendo Gameboy DS Advance SP GBA,./Guatemala Digital - guatemaladigital.com_files/41ayObggU5L.jpeg
Anivia Over Ear Headset with Microphone - 3.5mm Jack Stereo Sound Headset with Mic - Volume Control Memory Earmuffs Adjustable Wired Headphones for iPad/PC/Tablet/Gaming/Kindle/School/Online Class,./Guatemala Digital - guatemaladigital.com_files/41p3+1e6sFL.jpeg
"JAKO Gaming Headset, Headset with Noise Cancelling Microphone-Gaming Headphones for Xbox Series X, Xbox Series S, Xbox One, PS5, PS4, Mobile &amp; PC with 3.5mm Jack (Black) (Color: Black, Tamaño: One Size)",./Guatemala Digital - guatemaladigital.com_files/41fRW8O2URL.jpeg
Meta Quest 3S 128GB — Get Batman: Arkham Shadow and a 3-Month Trial of Meta Quest+ Included — All-in-One Headset,./Guatemala Digital - guatemaladigital.com_files/61OseHapCUL.jpeg
"Xbox Wireless Controller Shock Blue - Wireless - Bluetooth - USB Series X, Series S, One, PC, Android, iOS, Tablet - Shock Blue",./Guatemala Digital - guatemaladigital.com_files/61beNMz9m2L.jpeg
"Logitech G502 HERO High Performance Wired Gaming Mouse, HERO 25K Sensor, 25,600 DPI, RGB, Adjustable Weights, 11 Programmable Buttons, On-Board Memory, PC / Mac",./Guatemala Digital - guatemaladigital.com_files/61mpMH5TzkL.jpeg
BKMAMLAB Tubos de microcentrífuga de 0.0 fl oz (0.2ml) 300 piezas viales pequeños de plástico esterilizado EO con tapas para almacenamiento de muestras sin fugas (300). Seravanza,./Guatemala Digital - guatemaladigital.com_files/51T102YeE5L.jpeg
"Globe Scientific 111558, tubo microcentrífugo graduado de polipropileno con capa de cierre a presión, 1,5 ml de capacidad, natural (1000 unidades). Seravanza. OFERTA HASTA QUE DUREN EXISTENCIAS.",./Guatemala Digital - guatemaladigital.com_files/51AwFvBaLdL.jpeg
"Microcentrifuge Tubes - 0.05ml PCR Tube with Snap Cap, 1000pcs Visit Lichen cottage shop. Seravanza",./Guatemala Digital - guatemaladigital.com_files/41ZrQixp9qL.jpeg
"MUHWA 1000PCS Polypropylene Graduated Microcentrifuge Tube with Snap Cap, 0.5ml Capacity Microtubes (Purple)",./Guatemala Digital - guatemaladigital.com_files/51TxmFYlNcL.jpeg
"Globe Scientific 6288 Polypropylene Centrifuge Tube with Attached Blue Flat Top Screw Cap, Sterile, Printed Graduation, Bag Pack, 50mL Capacity (Case of 500)",./Guatemala Digital - guatemaladigital.com_files/51YAMRch26L.jpeg
BronaGrand 100pcs 1.5ML Polypropylene Graduated Microcentrifuge Tubes with Attached Lid Clear,./Guatemala Digital - guatemaladigital.com_files/71ZcoezTuML.jpeg
Microsoft Surface Slim Pen Charger - Matte Black,./Guatemala Digital - guatemaladigital.com_files/71bntOtJ1QL.jpeg
Dell 2020 Latitude 5411 Laptop 14-inch - Intel Core i5 10th Gen - i5-10400H - Quad Core 4.6Ghz - 256GB SSD - 8GB RAM - Nvidia GeForce MX250 - 1366x768 HD - Windows 10 Pro (Renewed),./Guatemala Digital - guatemaladigital.com_files/61CpFrsuTqS.jpeg
"ASUS Laptop L210 11.6” Ultra Thin, Intel Celeron N4020 Processor, 4GB RAM, 64GB eMMC Storage, Windows 10 Home in S Mode with One Year of Office 365 Personal, L210MA-DB02 (Color: Star Black, Tamaño: 11-11.99 inches)",./Guatemala Digital - guatemaladigital.com_files/71Hy5SYr3tL.jpeg
"HP 14 Laptop, Intel Celeron N4020, 4 GB RAM, 64 GB Storage, 14-inch Micro-edge HD Display, Windows 11 Home, Thin &amp; Portable, 4K Graphics, One Year of Microsoft 365 (14-dq0040nr, Snowflake White)",./Guatemala Digital - guatemaladigital.com_files/815uX7wkOZS.jpeg
"Acer Aspire 3 A315-24P-R7VH Slim Laptop | 15.6"" Full HD IPS Display | AMD Ryzen 3 7320U Quad-Core Processor | AMD Radeon Graphics | 8GB LPDDR5 | 128GB NVMe SSD | Wi-Fi 6 | Windows 11 Home in S Mode",./Guatemala Digital - guatemaladigital.com_files/61gKkYQn6lL.jpeg
"HP Pavilion 15.6"" HD Touchscreen Anti-Glare Laptop, 16GB RAM, 1TB SSD Storage, Intel Core Processor up to 4.1GHz, Up to 11 Hours Long Battery Life, Type-C, HDMI, Windows 11 Home, Silver",./Guatemala Digital - guatemaladigital.com_files/71aTEZOda0L.jpeg
"ostritec Upgraded Solar Diamond Shaped Wine Bottle Lights, 8 Pack 20 LED Fairy Lights with Solar Cork Lights Outdoor Waterproof for Wedding Valentine's Day Gift Party Decoration (Warm White)(Tamaño: Diamond)",./Guatemala Digital - guatemaladigital.com_files/81lE6B9b-aS.jpeg
"JMEXSUSS 163 FT 500 LED Purple Halloween Lights Indoor, 8 Modes Purple String Lights Outdoor Waterproof, Purple Christmas Lights Plug-in for Halloween Roof Bedroom Party Christmas Tree Decorations (Color: Purple, Tamaño: connectable)",./Guatemala Digital - guatemaladigital.com_files/511PPiQHRQL.jpeg
"Minetom Solar String Lights Outdoor - 40FT 100 LED String Lights Solar Powered with 8 Lighting Modes, Waterproof Patio Lights, Outdoor Solar Lights for Outside Tree Garden Balcony Gazebo, Pure White(Color: Pure White, Tamaño: 40 FT)",./Guatemala Digital - guatemaladigital.com_files/819Vub-EP8L.jpeg
"addlon 50FT LED Outdoor String Lights with Edison Shatterproof Bulbs, Weatherproof Strand, Commercial Grade Patio Lights, Decorative for Garden or Patio, Black",./Guatemala Digital - guatemaladigital.com_files/71Ts-4NMupL.jpeg
"addlon 54(48+6) FT Solar String Lights Waterproof,Patio Lights Solar Powered with Remote &amp; USB Port 15+1 LED Shatterproof Bulbs 3 Light Modes, Dimmable Solar Lights for Camping Backyard Garden",./Guatemala Digital - guatemaladigital.com_files/71NuzOm0C-L.jpeg
"JMEXSUSS Connectable Warm White String Lights Indoor, 8 Modes Christmas String Lights Plug in Fairy String Lights for Bedroom, 33ft 100 LED Twinkle Lights Outdoor for Christmas Tree Decor",./Guatemala Digital - guatemaladigital.com_files/712yQdNwwoL.jpeg
"Google Nest Hub 2nd Generation, Taiwan Model, Multi Language Nest Hub 7-inch with English Compatibility, GA01331-TW GUIK2 (Chalk)",./Guatemala Digital - guatemaladigital.com_files/61Ol38+lkrL.jpeg
"LENRUE Bluetooth Speaker, Wireless Portable Speaker with Loud Stereo Sound, Rich Bass, 12-Hour Playtime, Built-in Mic. Perfect for iPhone, Samsung and More (Blue)",./Guatemala Digital - guatemaladigital.com_files/51wf-HsCdeS.jpeg
"2Pack Portable Mini Speaker, Bluetooth Tiny Speaker, Wireless Mini Speaker for Shower, Room, Bike, Rechargeable Battery, Built-in Microphone, Cute Mini Speaker with Strap to Carry, Black",./Guatemala Digital - guatemaladigital.com_files/71bIlzsJMdL.jpeg
"Bluetooth Speaker with HD Sound, Portable Wireless, IPX5 Waterproof, Up to 20H Playtime, TWS Pairing, BT5.3, for Home/Party/Outdoor/Beach, Electronic Gadgets, Birthday Gift (Black)",./Guatemala Digital - guatemaladigital.com_files/81l7mB5LhsL.jpeg
"Amazon Echo Dot (newest model), Vibrant sounding Alexa speaker, Great for bedrooms, dining rooms and offices, Glacier White",./Guatemala Digital - guatemaladigital.com_files/7116ea3BmTL.jpeg
"JBL Flip 6 - Portable Bluetooth Speaker, powerful sound and deep bass, IPX7 waterproof, 12 hours of playtime, JBL PartyBoost for multiple speaker pairing for home, outdoor and travel (Black)",./Guatemala Digital - guatemaladigital.com_files/61Eaj593GtL.jpeg
"HumanCentric Cord Winder for Macbook Charger Organizer, Cable Reel for Macbook Chargers, Travel Mac Charging Case for 85W, 87W, 96W USB-C and MagSafe, Apple Pro + Air Power Cord Storage, Extra Large (Tamaño: XL)",./Guatemala Digital - guatemaladigital.com_files/31NG4SXUaIS.jpeg
"Purpleleaf Tip Adapter HP Connector Converter 7.4x5.0mm to 4.5x3.0mm for HP Stream Spectre Pavilion Envy Elitebook Split Chromebook; DC Dongle for HP Notebook Adapter Replacement Power Cord (5 Pack) (Color: 5pack, Tamaño: 5packs)",./Guatemala Digital - guatemaladigital.com_files/41Abhp+A6BL.jpeg
45W Type C USB C Laptop Charger Compatible with HP Chromebook 14 13 14A 11 11A G6 G7 G8 EE Spectre x360 G5 Elite x2 14-ca051wm 14-ca020nr 14-ca060nr 14-ca043cl 14-ca052wm 918337-001 Power Supply,./Guatemala Digital - guatemaladigital.com_files/41tBaH1HkPL.jpeg
"65W Surface Pro Laptop Charger for Microsoft Surface Pro 10, 9, 8, 7+, 7, 6, 5, 4, 3, X, Windows Surface Laptop 6, 5, 4, 3, 2, 1, Surface Go Tablet, Surface Book 3, 2, 1, Support 44W, 36W, LED, 10FT",./Guatemala Digital - guatemaladigital.com_files/61i2cWnohUL.jpeg
"65W 45W USB C Chromebook Charger for HP, Lenovo, Dell, Acer, Asus, Samsung, Universal USB C Laptop Charger for Hp Chromebook X360 11 13 14 14A HP Spectre X360 Lenovo Thinkpad Type C Power Cord",./Guatemala Digital - guatemaladigital.com_files/71XSK+fg8KL.jpeg
"Mac Book Pro Charger, 100W USB C Charger, Anker Compact and Foldable Fast Charger for MacBook Air, Samsung Galaxy, iPad Pro, and All USB C Devices, 5 ft USB C to USB C Cable Included",./Guatemala Digital - guatemaladigital.com_files/61jmGDyJesL.jpeg
"Godox AD200Pro-PC Silicone Fender Case for Godox AD200 Pro AD200, Protect Your AD200Pro AD200 Flash Screen, or Serve As an Ideal Replacement for a Floor Light Stand",./Guatemala Digital - guatemaladigital.com_files/61L+a7LxDXL.jpeg
"KAGYOKU 4PCS Light Stand Adapter Aluminum Rapid Adapter Convert with 1/4"" Screw DSLR Mount Bracket Multi Functional Mount Bracket Adapter, Photo Studio, Light Stand Tip Boom Arm Photography Accessory (Color: Black, Tamaño: 4 Pieces)",./Guatemala Digital - guatemaladigital.com_files/41TqbqDOi0L.jpeg
"NEEWER Monitor Mount Adapter with VESA Mount, Adjustable Aluminum Alloy Light Stand Adapter Dual 360° Ball Joint M4 Screw &amp; 5/8"" Receiver for Impact Screen Outdoor TV Stand, Max Load 14lb/6.3kg, MA001",./Guatemala Digital - guatemaladigital.com_files/41YbiMdPgVL.jpeg
"EMART 7 Ft Light Stand for Photography, 2 Pack Portable Photo Video Lighting Tripod with Carry Case for Speedlight, Flash, Softbox, Strobe, Camera, Selfie, Photographic Portrait",./Guatemala Digital - guatemaladigital.com_files/61UdgxM-IJL.jpeg
"Amazon Basics Aluminum Light Photography Tripod Stand with Case - Pack of 2, 2.8 - 6.7 Feet, 1.81 lb, Black",./Guatemala Digital - guatemaladigital.com_files/712p6bZZszL.jpeg
"Selens Wall Mount Triangle Boom Arm 39.37inch/100cm, Ring Light Mount Support 180°Flexible Rotation for Studio Video Light, Monolight, Photography, Softbox, Reflector",./Guatemala Digital - guatemaladigital.com_files/612dL2AS1aL.jpeg
Android TV Box 12.0 4GB 32GB Allwinner H618 BT5.0 USB 2.0 Ultra HD 4K 6K 8K HLG Mode HDR10+ WiFi 2.4 5.8 GHz with Mini Keyboard,./Guatemala Digital - guatemaladigital.com_files/417wir0HpoL.jpeg
T9 Android 9.0 TV Box 4GB DDR3 RAM 64GB ROM RK3328 Bluetooth 4.1 Quad-Core Cortex-A53 64 Bits Support 2.4/5.0GHz WiFi 4K 3D Ultra HD HDMI H.265 (Color: black),./Guatemala Digital - guatemaladigital.com_files/41rksc6uLpL.jpeg
"Air Mouse Mini Wireless Keyboard Remote 2.4G Multifunctional Universal W Infrared Learning Air Control for Android Smart TV Box, 3-Gyro and 3-Gsensor, G Box HTPC Mini PC,PS3/4 Xbox 360 with USB (Color: MX3)",./Guatemala Digital - guatemaladigital.com_files/51805XDw7eS.jpeg
"Amazon Fire TV Stick HD (newest model), free and live TV, Alexa Voice Remote, smart home controls, HD streaming",./Guatemala Digital - guatemaladigital.com_files/61weCavnG7L.jpeg
"Amazon Fire TV Stick 4K Max streaming device (newest model) supports Wi-Fi 6E, free &amp; live TV without cable or satellite",./Guatemala Digital - guatemaladigital.com_files/61S7TCVVe8L.jpeg
"Roku Streaming Stick 4K | Portable Roku Streaming Device 4K/HDR/Dolby Vision, Roku Voice Remote, Free &amp; Live TV",./Guatemala Digital - guatemaladigital.com_files/71nulLJ9VmL.jpeg
"Phone Charger iPhone, MFi Certified Lightning Cable 6ft, 2Pack iPhone Charging Cord Nylon Braided Fast Charging Cable Compatible with iPhone SE 2020 12 11 Pro XS Max XR 10 8 7 Plus 6 6s Plus 5c,iPad (Color: Black)",./Guatemala Digital - guatemaladigital.com_files/41lcrjdvkwL.jpeg
"iPhone Fast Charger 10 FT MFi Certified 3 Pack PD 20W USB C Charger Block with 10FT Long Type C Lightning Cable Compatible with iPhone 14 13 12 11 XS XR X 8 iPad,White(Color: White)",./Guatemala Digital - guatemaladigital.com_files/41TEvF1iT8L.jpeg
"Magnetic Charging Cable (3 Pack,3.3ft/6.6ft/6.6ft), 3 in 1 Nylon Braided Cord, Compatible with Mirco USB, Type C Smartphone and iProduct Device (Color: Black, Tamaño: 6.6 Feet)",./Guatemala Digital - guatemaladigital.com_files/71yIa4L427S.jpeg
"4Pack Apple MFi Certified Charger Lightning to USB Charging Cable 6FT Cord Compatible iPhone 14/13/12/11 Pro/11/XS MAX/XR/8/7/6s Plus,iPad Pro/Air/Mini,iPod Touch",./Guatemala Digital - guatemaladigital.com_files/51+0fZFA21L.jpeg
"USB C to Lightning Cable 3Pack 6FT MFi Certified iPhone Fast Charger Cable USB-C Power Delivery Charging Cord for iPhone 14/13/12/11/XS/XR/X/8/iPad, White",./Guatemala Digital - guatemaladigital.com_files/51xfo+jzTwL.jpeg
iPhone Charger Apple MFi Certified 3Pack 3.3FT Lightning to USB Charging Cord Car iPhone Carplay Cable Compatible iPhone 14 13 12 11 Pro Max XR XS X 8 7 6 Plus SE iPad and More,./Guatemala Digital - guatemaladigital.com_files/71yPNq6dhFL.jpeg
"EzFoto T/T2 Mount Lens to Nikon D1, D2, D3, D3x,D3s, D100, D200, D300, D300s, D700, D40, D40x, D50, D60, D70, D70s, D80, D90, D3000, D3100, D5000, D5100, D7000",./Guatemala Digital - guatemaladigital.com_files/61wBv0ockCL.jpeg
Tiffen 58mm UV Protection Filter,./Guatemala Digital - guatemaladigital.com_files/51KD85wrTTS.jpeg
Lente polarizado AmazonBasics circular 58mm,./Guatemala Digital - guatemaladigital.com_files/61VT4cEMfYL.jpeg
Canon EF 50mm f/1.8 STM Lens,./Guatemala Digital - guatemaladigital.com_files/61FX0sONwnL.jpeg
"Canon RF50mm F1.8 STM Lens, Fixed Focal Length Prime Lens, Compatible with EOS R Series Mirrorless Cameras, Black",./Guatemala Digital - guatemaladigital.com_files/61ZZE+5zGhL.jpeg
"NEEWER 0.75X Wide Angle Lens Compatible with DJI OSMO Pocket 3 Creator Combo Accessories, Expanded FOV of 108°, Magnetic Coated Aspherical Action Camera Lens, LS-45",./Guatemala Digital - guatemaladigital.com_files/61SAovRkIFL.jpeg
"2+5  Knomix 2 Pack Titanium Alloy Replacement Nibs + 5 Pack Plastic S Pen Tips Compatible with Galaxy S7 S7 Plus,Galaxy S8 S8 Plus,S8 Ultra,Galaxy S9,S9 Plus,S9 Ultra+Tweezer",./Guatemala Digital - guatemaladigital.com_files/61goXgFFdUL.jpeg
"Stylus Pens for Touch Screens (2 Pcs), Capacitive Stylus 2 in 1 Tips Sensitivity Pen for iPad iPhone Tablets Samsung Galaxy All Universal Touch Screen Devices - Black/Blue (Color: Black/Blue)",./Guatemala Digital - guatemaladigital.com_files/31t9xtdB6zL.jpeg
"Stylus Pen for Touch Screens, Active Digital Pens Rechargeable 1.5mm Fine Tips Smart Pencil Compatible with iPad iPhone and Most Tablet with Glove by OOCLCURFUL (Blue+Light Green) (Color: Blue+Light green)",./Guatemala Digital - guatemaladigital.com_files/31LabMVbS3S.jpeg
"Stylus Pen for iPad 9th&amp;10th - Type-c Charging Pencil for iPad Palm Rejection Active Pen Compatible with(2018-2023) Apple iPad 6/7/8/9/10,iPad Air 3/4/5,iPad Mini 5/6, iPad Pro 11""/12.9""(White)",./Guatemala Digital - guatemaladigital.com_files/51Bs59DjqlL.jpeg
"Apple Pencil (2nd Generation): Pixel-Perfect Precision and Industry-Leading Low Latency, Perfect for Note-Taking, Drawing, and Signing documents. Attaches, Charges, and Pairs magnetically.",./Guatemala Digital - guatemaladigital.com_files/21SPDoiRuGL.jpeg
"Stylus Pen for iPad 9th &amp; 10th Generation - 10Mins Faster Charge Compatible with (2018-2024) Apple iPad 6-10 Gen, iPad Air 3/4/5/M2, iPad Mini 5/6, iPad Pro 11""/12.9""/M4",./Guatemala Digital - guatemaladigital.com_files/51MEs4f4ScL.jpeg
"Flissa Folding Pocket Knife, 4-inch D2 Blade with Thumb Stud, Axis Lock, G10 Handle, EDC Knife for Hiking, Camping, Survival, Outdoor",./Guatemala Digital - guatemaladigital.com_files/61meLcMtTrL.jpeg
StatGear Pocket Samurai Folding Tanto Keychain Knife - Slipjoint Edition (Black) | Small EDC Mini Key Knife,./Guatemala Digital - guatemaladigital.com_files/31bxaaL1PeL.jpeg
"ALBATROSS EDC Cool Sharp Tactical Folding Pocket Knife,SpeedSafe Spring Assisted Opening Knifes with Liner Lock,Pocketclip,Glass Breaker,Seatbelt Cutter (Black) (Color: Black)",./Guatemala Digital - guatemaladigital.com_files/41tTtHcTMYL.jpeg
"Gerber Gear Paraframe Mini Pocket Knife, 2.2"" Fine Edge Small EDC Folding Knife with Safety Lock for Everyday Carry, Gifts for Men, Stainless Steel",./Guatemala Digital - guatemaladigital.com_files/611j1G-eZTL.jpeg
"Milwaukee FASTBACK Folding Utility Knife w/Blade Multifunctionality, Red-black",./Guatemala Digital - guatemaladigital.com_files/61MZA8OlrIL.jpeg
"Kershaw Misdirect Pocketknife; 2.9 in. 4Cr13 Black-Oxide Blackwash Finish Blade, Stainless Steel Stonewash Finish Handle Equipped with Assisted Opening, Flipper and Frame Lock",./Guatemala Digital - guatemaladigital.com_files/51qWgKGDJkL.jpeg
"Ariana Singer Grande Soft Blanket Ultra-Soft Throw Blanket 3D Print Plush Blanket Bedding Decor for Bedroom Living Room Sofa Ariana Singer Grande Merch Fans Gift 80x60 in (Color: Singer Blanket-3, Tamaño: 80x60inch)",./Guatemala Digital - guatemaladigital.com_files/51AWJz6ThHL.jpeg
MaxMau 24 Sets of 5ml Small Glass Bottles with Cork Stopper Tiny Clear Vials Storage Container for Art Crafts Projects Decoration Party Supplies,./Guatemala Digital - guatemaladigital.com_files/91PiQ2wrJyL.jpeg
"Solar Display Stand Turntable, Battery Double Used Rotating Display for Jewelry Spinner Watch Hobby Collection Shelf 1PC Black, LED Light (Color: Black Led)",./Guatemala Digital - guatemaladigital.com_files/414uM6+C9DL.jpeg
"Bounty Quick Size Paper Towels, White, 8 Family Rolls = 20 Regular Rolls (Packaging May Vary)",./Guatemala Digital - guatemaladigital.com_files/81+BZP2zUHL.jpeg
"Clorox Disinfecting Wipes Value Pack, Household Essentials, 75 Count, Pack of 3 (Package May Vary)",./Guatemala Digital - guatemaladigital.com_files/81jdmPo8pAL.jpeg
"Amazon Basics 2-Ply Flex-Sheets Paper Towels, 12 Basics Rolls = 32 Regular Rolls, Everyday Value with 150 Sheets per Roll",./Guatemala Digital - guatemaladigital.com_files/61POocZniqL.jpeg
"Womens Complete Daily Multivitamin Gummy with Vitamin A, C, D, E, B6, B-12, Biotin &amp; Calcium, Immune Health Support, Womens Multivitamin Gummies, Peach Flavored Daily Vitamins for Women - 120 Gummies(Tamaño: 120 Count (Pack of 1))",./Guatemala Digital - guatemaladigital.com_files/61+GjaghcvL.jpeg
"Centrum Multivitamin for Men, Multivitamin/Multimineral Supplement with Vitamin D3, B Vitamins and Antioxidants, Gluten Free, Non-GMO Ingredients - 250 Count. Seravanza",./Guatemala Digital - guatemaladigital.com_files/71umpxQjAJL.jpeg
Dextro Energy Se Tablets Lemon Flavour 47G-Pack Of 3,./Guatemala Digital - guatemaladigital.com_files/41bLUupB2JL.jpeg
"MaryRuth Organics Liquid Multivitamin Lustriva® Hair Growth for Women| Biotin 10000mcg | Vitamin D, B |Clinically Tested for Thicker Hair, Wrinkles, Fine Lines, Skin Care| Ages 18 | 15.22 Fl Oz",./Guatemala Digital - guatemaladigital.com_files/81ZN0tPH+ZL.jpeg
"OLLY Women's Multivitamin Gummy, Vitamins A, D, C, E, Biotin, Folic Acid, Adult Chewable Vitamin, Berry Flavor, 65 Day Supply - 130 Count",./Guatemala Digital - guatemaladigital.com_files/71mJZnx0EBL.jpeg
"Vitamin D3 10000 iu Plus K2 (MK-7) 200 mcg, 300 Virgin Coconut Oil Softgels| 2 in 1 Vitamins D &amp; K Complex | Supports Calcium Absorption, Bone, Immune, &amp; Heart Health – Easy to Swallow",./Guatemala Digital - guatemaladigital.com_files/71UzbAc36qL.jpeg
"6+6Pack Case and Screen Protector for Samsung Galaxy Watch 5 Galaxy Watch 4 40mm, HASDON Bubble Free Tempered Glass Screen Protector + Waterproof Matte Hard PC Bumper Full Protective Cover (Color: Black/Silver/Clear/Green/Blue/Grey, Tamaño: 40mm)",./Guatemala Digital - guatemaladigital.com_files/71Y4IaqKBwL.jpeg
"Puccy Privacy Screen Protector, compatible with HAVIT M9021 1.69"" Smart Watch smartwatch Anti Spy Film TPU Guard ( Not Tempered Glass Protectors )",./Guatemala Digital - guatemaladigital.com_files/31c1GNuccOL.jpeg
"5+5 Pack Compatible for Samsung Galaxy Watch 4 44mm Screen Protector Case,Matte PC Bumper Cover+5 Tempered Glass Screen Protector Films for Galaxy Watch4 Accessories (Color: Black/Silver/Clear/Blue/Green, Tamaño: 44 mm)",./Guatemala Digital - guatemaladigital.com_files/71gsKzjM-8L.jpeg
"6-Pack Case Compatible with Apple Watch 40mm Series SE 2nd Gen 6 5 4 with Tempered Glass Screen Protector, QCKANLJ Ultra-Thin Hard PC Full Protective Face Cover Bumper for iWatch 40mm",./Guatemala Digital - guatemaladigital.com_files/71S-WGhBg7L.jpeg
"Tensea 5+5Pack for Samsung Galaxy Watch 7 Screen Protector Case 44mm Accessories, Hard PC Bumper/HD Anti-Fog Tempered Glass Protective Film, Face Cover Set, Galaxy Watch 7 Case for Women Men",./Guatemala Digital - guatemaladigital.com_files/719IBo2UA8L.jpeg
"YMHML 8 Pack Screen Protector Compatible for Apple Watch 40mm SE Series 6/5 / 4, Upgrade Flexible Film Soft HD Clear Anti-Scratch Film for iWatch Accessories",./Guatemala Digital - guatemaladigital.com_files/71WJKdVURmL.jpeg
Samsung 4GB DDR4 3200MHz PC4-25600 1.2V 1R x 16 SODIMM Laptop RAM Memory Module M471A5244CB0 (Tamaño: 4 Gb),./Guatemala Digital - guatemaladigital.com_files/41IxTeYQY6L.jpeg
"8GB DDR3 DDR3L-1600 SODIMM, 16GB Kit (2x8GB) PC3-12800 RAM 1600 Mhz, Motoeagle 2RX8 1.35V Dual Rank Module Chips Upgrade for Laptop (Color: Green 16GB Kit (2x8GB) 1600MHz Laptop memory, Tamaño: DDR3L 12800 Sodimm)",./Guatemala Digital - guatemaladigital.com_files/71EyM+OmH2L.jpeg
"4GB DDR3 PC3-12800 Desktop Memory Module (240-pin DIMM, 1600MHz) Genuine A-Tech Brand (Tamaño: PC3-12800 4GB Stick)",./Guatemala Digital - guatemaladigital.com_files/41w2yh9QTML.jpeg
CORSAIR VENGEANCE LPX DDR4 RAM 32GB (2x16GB) 3200MHz CL16-20-20-38 1.35V Intel AMD Desktop Computer Memory - Black (CMK32GX4M2E3200C16),./Guatemala Digital - guatemaladigital.com_files/61wCOVcyvFL.jpeg
Crucial 32GB Kit (16GB x 2) DDR4 3200 MHz (PC4-25600) SODIMM 260-Pin Memory - CT2K16G4SFRA32A,./Guatemala Digital - guatemaladigital.com_files/61q1ch0o2+L.jpeg
Crucial 16GB DDR4 3200 MHz (PC4-25600) SODIMM 260-Pin Memory - CT16G4SFRA32A,./Guatemala Digital - guatemaladigital.com_files/71oz85Vv6mL.jpeg
"CRE-C Max Shampoo, 9.46 Ounce (Tamaño: 9.46 oz)",./Guatemala Digital - guatemaladigital.com_files/61CI7g6MH6L.jpeg
"Selsun Blue Champú anticaspa para cuero cabelludo seco con picazón, fórmula extra hidratante, piritiona zinc 1%, 21 onzas. Seravanza. OFERTA ESPECIAL. Q.99.00. Precio regular Q.259.00.",./Guatemala Digital - guatemaladigital.com_files/61krtQsxOgL.jpeg
KABA Shampoo de Cebolla Kaba,./Guatemala Digital - guatemaladigital.com_files/51ofd6AWTCL.jpeg
"Nizoral Anti-Dandruff Shampoo with 1% Ketoconazole, Fresh Scent, 7 Fl Oz",./Guatemala Digital - guatemaladigital.com_files/71+CaUj9EtL.jpeg
"Nizoral Anti-Dandruff Shampoo with 1% Ketoconazole, Fresh Scent, 14 Fl Oz",./Guatemala Digital - guatemaladigital.com_files/71wjy1+CQGL.jpeg
"Olaplex No. 4 Bond Maintenance Shampoo, Repairs, Strengthens, &amp; Nourishes All Hair Types, Adds Shine &amp; Leaves Hair Feeling Soft, 8.5 fl oz",./Guatemala Digital - guatemaladigital.com_files/5144sji+XAL.jpeg
"BENGOO Wireless Gaming Mouse, Computer Mouse USB Wireless Mouse with 6 Programmed Buttons 3 Adjustable DPI RGB Backlits USB Receiver, Ergonomic Optical Gamer Mice for Windows PC Mac (Color: black)",./Guatemala Digital - guatemaladigital.com_files/51UcMkdHyoL.jpeg
"Honeycomb Wired Gaming Mouse, RGB Backlight and 7200 Adjustable DPI, Ergonomic and Lightweight USB Computer Mouse with High Precision Sensor for Windows PC &amp; Laptop Gamers",./Guatemala Digital - guatemaladigital.com_files/41ta712NAAL.jpeg
"ATTACK SHARK G6 Gaming Mouse, Wired/Wireless/Bluetooth Tri Modes, 5 Adjustable DPI and 11 RGB Backlit, Rechargeable Silent Computer Gaming Mice for Windows/Android/MAC/iOS(White/Yellow/Grey)(Color: White, Tamaño: 9)",./Guatemala Digital - guatemaladigital.com_files/41L-KfO0QCL.jpeg
"Logitech G502 HERO High Performance Wired Gaming Mouse, HERO 25K Sensor, 25,600 DPI, RGB, Adjustable Weights, 11 Programmable Buttons, On-Board Memory, PC / Mac",./Guatemala Digital - guatemaladigital.com_files/61mpMH5TzkL.jpeg
"Logitech G PRO X SUPERLIGHT 2 LIGHTSPEED Wireless Gaming Mouse, 8K Polling, Lightweight, LIGHTFORCE Hybrid Switches, HERO 2 Sensor, 888 IPS, 44,000 DPI, 5 Programmable Buttons,USB-C Charging, PC &amp; Mac",./Guatemala Digital - guatemaladigital.com_files/51VRu0zm1IL.jpeg
"Logitech G305 LIGHTSPEED Wireless Gaming Mouse, Hero 12K Sensor, 12,000 DPI, Lightweight, 6 Programmable Buttons, 250h Battery Life, On-Board Memory, PC/Mac - White",./Guatemala Digital - guatemaladigital.com_files/51DYDLykzoL.jpeg
"Rancco 2.5"" HDD Case Shockproof Storage for Seagate Backup Plus Slim 1T/2T, Seagate Expansion 1T/2T, Seagate Game Drive 2T, WD Elements 1T, My Passport 1T, Toshiba Canvio Advance Basics 1T/2T3 Pcs (Color: Blue, Tamaño: 11.5*8.5*2 cm)",./Guatemala Digital - guatemaladigital.com_files/51qX-CafShL.jpeg
Adaptador StarTech SATPCIEXADAP de energia 6 pulgadas SATA a tarjeta de video PCI de 6 pines,./Guatemala Digital - guatemaladigital.com_files/313Atwvb7TL.jpeg
"Rancco Seagate Backup Plus Case, Shockproof Pouch for Seagate Backup Plus 3T/4T,Expansion 4T,Game Drive for Xbox One 4T,WD My Passport &amp; Elements 2T/3T/4T/,Toshiba Canvio Advance &amp; Canvio Basics3 Pc (Color: Transparent, Tamaño: 11.5*8.5*2 cm)",./Guatemala Digital - guatemaladigital.com_files/71sAFbCONVL.jpeg
Seagate IronWolf 8TB NAS Internal Hard Drive HDD – 3.5 Inch SATA 6Gb/s 7200 RPM 256MB Cache for RAID Network Attached Storage – Frustration Free Packaging (ST8000VNZ04/N004),./Guatemala Digital - guatemaladigital.com_files/71GKZRx898L.jpeg
Seagate BarraCuda 8TB Internal Hard Drive HDD – 3.5 Inch Sata 6 Gb/s 5400 RPM 256MB Cache for Computer Desktop PC (ST8000DMZ04/004),./Guatemala Digital - guatemaladigital.com_files/71dpms8gexL.jpeg
Seagate BarraCuda 4TB Internal Hard Drive HDD – 3.5 Inch Sata 6 Gb/s 5400 RPM 256MB Cache For Computer Desktop PC – Frustration Free Packaging ST4000DMZ04/DM004,./Guatemala Digital - guatemaladigital.com_files/71ijXHv0jHL.jpeg
ATX Main 24Pin Female to 6Pin Male 6Pin PCI-E PSU Power Adapter Supply Cable Connector for HP Elite 8100 8200 8300 800G1 18AWG 30CM,./Guatemala Digital - guatemaladigital.com_files/51V62TYuarL.jpeg
1ft Dual PSU Power Supply 24-Pin Adapter Cable for ATX Motherboard (Tamaño: 1FT),./Guatemala Digital - guatemaladigital.com_files/41YWg8199+L.jpeg
DKE Desktop Computer Power Switch Power Supply Control Adapter Cable 2M External PC Power Button ATX Desktop Computer Case Motherboard Switch On Off Power SW Cables,./Guatemala Digital - guatemaladigital.com_files/611y1DAH4GL.jpeg
NZXT C1000 Gold ATX 3.1 - Fully Modular Low-Noise PC Gaming Power Supply - 1000 Watts - 80 Plus Gold - 12V-2x6 Connector - Zero Fan Mode - 100% Japanese Capacitors - Black,./Guatemala Digital - guatemaladigital.com_files/51SLqxCXGaL.jpeg
Thermaltake SMART 600W ATX 12V V2.3/EPS 12V 80 Plus Certified Active PFC Power Supply PS-SPD-0600NPCWUS-W,./Guatemala Digital - guatemaladigital.com_files/71GNnNSyIrL.jpeg
NZXT C850 Gold ATX 3.1 - Fully Modular Low-Noise PC Gaming Power Supply - 850 Watts - 80 Plus Gold - 12V-2x6 Connector - Zero Fan Mode - 100% Japanese Capacitors - Black,./Guatemala Digital - guatemaladigital.com_files/519OhBFhfpL.jpeg
"GHU New Battery New 2600mah A31N1519 Laptop Battery Compatible with Asus X540 Series,Asus X540LA X540LJ X540SA Series Asus X540SC X540YA Series, X540S Series",./Guatemala Digital - guatemaladigital.com_files/61A2zweySuL.jpeg
BT04XL 687945-001 Battery for HP Elitebook Folio 9470 9480 9470M 9480M Notebook Series H4Q47AA HSTNN-IB3Z HSTNN-I10C HSTNN-DB3Z BT04 BA06 BA06XL 696621-001 687517-171 14.8V 52WH,./Guatemala Digital - guatemaladigital.com_files/61vo0RALGSL.jpeg
TREE.NB Batería de repuesto para portátil HP MU06 MU09 repuesto HP 593553-001 593554-001 HP Compaq Presario CQ32 CQ42 CQ43 435 436 HP Pavilion DM4 G4 G6 G7 DV3-4000 DV5 -2000 DV6-3000 DV7-6000 / Trust-T,./Guatemala Digital - guatemaladigital.com_files/61NBkzpkAHL.jpeg
HT03XL L11119-855 Laptop Battery for HP Pavilion 14-CE 14-CF 14-DF 15-CS 15-DA 15-DB 15-DW 17-by 17-CA Series 15-CS0053CL 15-DW0033NR 15-DA0014DX L11421-542 L11421-2C2 HSTNN-UB7J HSTNN-DB8R HT03041XL,./Guatemala Digital - guatemaladigital.com_files/61eXp80foeL.jpeg
"WDX0R Replacement Laptop Battery for Dell Inspiron 13 15 5000 7000 Series 5570 5579 7579 7569 7378 5567 7573 5565 5379 5378, Latitude 3500 3580 3590 3400 3480 3490 3189 3390 42Wh WDXOR P69G 3CRH3",./Guatemala Digital - guatemaladigital.com_files/71kYZwfRkJL.jpeg
40WH M5Y1K 14.8V Battery for Dell Inspiron 14 15 17 5000 3000 Series 5559 5558 3551 3451 3558 i3558 3567 5755 5756 5458 5759 5758 5759 GXVJ3 453-BBBQ WKRJ2 VN3N0 HD4J0 991XP P63F P47F P51F P52F P64G,./Guatemala Digital - guatemaladigital.com_files/61UY+ErRxOL.jpeg
Skyreat Antenna Range Extender Yagi-UDA 5.8Ghz Signal Boosters for DJI Mini 2 / Mavic Air 2 Drone Specific Accessories,./Guatemala Digital - guatemaladigital.com_files/61knGLeb-KL.jpeg
SEASKY RC Neck Lanyard Strap for DJI Avata/DJI FPV/Phantom 4 Pro/ Inspire 2 Accessories TBS Tango 2 remote controller Racing Drone RC Airplane Helicopter radio Controller transmitter Shoulder Tape (Color: Gray),./Guatemala Digital - guatemaladigital.com_files/61FCiQ5PbrL.jpeg
"4pcs Drone Control Sticks 3 Pro RC Smart Controller, Drone Remote Joysticks Detachable Thumb Rocker Replacement Drone Controller Sticks (Blue Silver)(Color: Blue Silver)",./Guatemala Digital - guatemaladigital.com_files/61WaGjtjWTL.jpeg
"2025 Foldable Drone with 4K Dual Camera for Adults, RC Quadcopter WiFi FPV Live Video, Altitude Hold, One Key Take Off/Land",./Guatemala Digital - guatemaladigital.com_files/51c-GUb1HIL.jpeg
"Q9s Drones for Kids,RC Drone with Altitude Hold and Headless Mode,Quadcopter with Blue&amp;Green Light,Propeller Full Protect,2 Batteries and Remote Control,Easy to fly Kids Gifts Toys for Boys and Girls",./Guatemala Digital - guatemaladigital.com_files/71BTqmwFAWL.jpeg
"DJI Neo, Mini Drone with 4K UHD Camera for Adults, 135g Self Flying Drone that Follows You, Palm Takeoff, Subject Tracking, QuickShots, Stabilized Video, Built-In Propeller Guard (Controller-Free)",./Guatemala Digital - guatemaladigital.com_files/61HFswiT57L.jpeg
"Sleep Earphone Stereo Headphones Sleep Earplugs Noise cancell Sleep Earbuds Soft Silicone Perfect for Insomnia, Side Sleeper Noise Isolating Air Travel,Snoring,Gym Meditation&amp; Relaxation (Black) (Color: BLACK)",./Guatemala Digital - guatemaladigital.com_files/31kteTPF-VL.jpeg
"Maeline Bulk 20 Pack Earbuds, Noise Isolating in-Ear Headphones for Classroom, Library, Airplane Travel, 3.5mm Wired Kids Earbuds Earphones for Phones, Computer and Laptops - Black(Color: Black, Tamaño: 20 Pack)",./Guatemala Digital - guatemaladigital.com_files/41Z1yFAqDNL.jpeg
QCY T13 True Wireless Earbuds Bluetooth 5.1 Headphones Touch Control with Wireless Charging Case IPX5 Waterproof Stereo Earphones in-Ear Built-in Mic Headset 40H Playtime (Tamaño: T13-Black),./Guatemala Digital - guatemaladigital.com_files/41yyP8KNTyL.jpeg
"Apple AirPods Pro 2 Wireless Earbuds, Active Noise Cancellation, Hearing Aid Feature, Bluetooth Headphones, Transparency, Personalized Spatial Audio, High-Fidelity Sound, H2 Chip, USB-C Charging",./Guatemala Digital - guatemaladigital.com_files/61SUj2aKoEL.jpeg
"Apple EarPods Headphones with Lightning Connector, Wired Ear Buds for iPhone with Built-in Remote to Control Music, Phone Calls, and Volume",./Guatemala Digital - guatemaladigital.com_files/317eB4+yU6L.jpeg
"Apple EarPods Headphones with USB-C Plug, Wired Ear Buds with Built-in Remote to Control Music, Phone Calls, and Volume",./Guatemala Digital - guatemaladigital.com_files/513OSdW4elL.jpeg
"Mini Portable Charger Power Bank 5000mAh Capacity External Battery Pack Dual Output Port and USB-C (Input Only) Power Bank for iPhone, Samsung Galaxy, Android Phone, iPad &amp; etc (Purple)",./Guatemala Digital - guatemaladigital.com_files/41AxghiTgbL.jpeg
KKD Portable Charger for iPhone?MFi Certified? 5000mAh Mini Fast Charging Power Bank Small Battery Charger for iPhone 14/14 Pro Max/13/13 Pro Max/12/12 Pro Max/11/11 Pro Max/SE/XR/XS/X/8/7/6 (Color: Black),./Guatemala Digital - guatemaladigital.com_files/51-6u6Ft2uL.jpeg
"Mini Power Bank,Capsule Power Phone Charger 5500mAh,Portable Charger with Dual USB-C Ports for iPhone 15/15 plus/15 pro/15 pro Max/Android Phone/Samsung/Moto/LG etc (Pink)(Color: Pink)",./Guatemala Digital - guatemaladigital.com_files/71ApGV4f0cL.jpeg
"Anker 621 Magnetic Portable Charger (MagGo), 5,000mAh Wireless Power Bank with USB-C Cable, Magsafe-Compatible Battery Pack for iPhone 16 /15/14/13/12 Series",./Guatemala Digital - guatemaladigital.com_files/61t70mVvMFL.jpeg
"Anker Zolo Magnetic Power Bank, 10,000mAh Wireless Portable Charger with 30W Max Fast Charging, Battery Pack with Built-in USB-C Cable and Adjustable Stand, for iPhone 16/15 Series, AirPods, and More",./Guatemala Digital - guatemaladigital.com_files/6136YHjF2iL.jpeg
"SABANI Portable Charger 35000mAh Power Bank - Portable Battery with 4 Built in Cables, 22.5W Fast Charging Battery Pack Compatible with iPhone 16 15 14 13 Samsung Android Phone etc (1 Pack, Black)",./Guatemala Digital - guatemaladigital.com_files/71RX2h6DJlL.jpeg
"SanDisk 64GB Ultra SDXC UHS-I Memory Card - 120MB/s, C10, U1, Full HD, SD Card - SDSDUN4-064G-GN6IN (Tamaño: 64GB)",./Guatemala Digital - guatemaladigital.com_files/71YYY3M5n7L.jpeg
"SanDisk 32GB Ultra SDHC UHS-I Memory Card - 120MB/s, C10, U1, Full HD, SD Card - SDSDUN4-032G-GN6IN (Tamaño: 32GB)",./Guatemala Digital - guatemaladigital.com_files/81ySKIiDGOL.jpeg
"SanDisk 128GB Extreme SDXC UHS-I Memory Card - C10, U3, V30, 4K, UHD, SD Card - SDSDXVA-128G-GNCIN (Color: Gray/Gold, Tamaño: 128GB)",./Guatemala Digital - guatemaladigital.com_files/81wyNOrsHFL.jpeg
"SanDisk 256GB Extreme PRO SDXC UHS-I Memory Card - C10, U3, V30, 4K UHD, SD Card - SDSDXXD-256G-GN4IN, Dark gray/Black",./Guatemala Digital - guatemaladigital.com_files/81o-+CO4gBL.jpeg
"SanDisk 64GB Extreme PRO SDXC UHS-I Memory Card - C10, U3, V30, 4K UHD, SD Card - SDSDXXU-064G-GN4IN",./Guatemala Digital - guatemaladigital.com_files/51oAxrz1daL.jpeg
"KODAK Premium Memory Card 32GB, 85MB/s Read Speed, 25MB/s Write Speed for Full HD Video and High-Resolution Pictures, Compatible with SDHC Standard - EKMSD32GHC10K",./Guatemala Digital - guatemaladigital.com_files/61eK3omDk4L.jpeg
Removable Lens Cover Silicone Gel Rubber Soft Camera Case Cover For Canon PowerShot G7x Mark ii Camera Black,./Guatemala Digital - guatemaladigital.com_files/31PqYx8sxuL.jpeg
"Mochila para cámara BAGSMART, Bolsa para cámara réflex digital antirrobo, Se adapta a una computadora portátil de hasta 15” para hombres y mujeres, Negro Color: 01-negro&nbsp;",./Guatemala Digital - guatemaladigital.com_files/51QVvixZkkL.jpeg
Easy Hood Camera Case for Sony Alpha A7II A7RII A7SII A7 II A7R II A7S II A7R2 ILCE-7RM2 ILCE-7M2 Soft Silicone Rubber Camera Protective Body Case Skin Camera Protector Cover (Black) (Color: Black),./Guatemala Digital - guatemaladigital.com_files/51RnDohx3FL.jpeg
"CADeN Camera Backpack Bag Professional for DSLR/SLR Mirrorless Camera Waterproof, Camera Case Compatible for Sony Canon Nikon",./Guatemala Digital - guatemaladigital.com_files/71cLzKOX8yL.jpeg
"MOSISO Camera Sling Bag, DSLR/SLR/Mirrorless Camera Backpack Case Shockproof Photography Backpack with Tripod Holder &amp; Removable Modular Inserts Compatible with Canon/Nikon/Sony/Fuji, Black",./Guatemala Digital - guatemaladigital.com_files/71g1BUeusAL.jpeg
"MOSISO Camera Backpack, DSLR/SLR/Mirrorless Photography Camera Bag 15-16 inch Waterproof Hardshell Case with Tripod Holder&amp;Laptop Compartment Compatible with Canon/Nikon/Sony, Black",./Guatemala Digital - guatemaladigital.com_files/71+O8iPFJNL.jpeg
